<?xml version = '1.0' encoding = 'UTF-8'?>
<Entity class="oracle.dbtools.crest.model.design.logical.Entity" directorySegmentName="seg_0" id="4B512486-FEEC-43A3-9D7D-A8637048622B" name="IPS">
<createdBy>Laura</createdBy>
<createdTime>2025-02-10 20:50:19 UTC</createdTime>
<ownerDesignName>Modelo ER SISTRANS FINAL</ownerDesignName>
<engineerTo>
<item key="CC09BE87-B96D-3360-087F-5C00C2C690D4" value="true"/>
</engineerTo>
<adequatelyNormalized>NO</adequatelyNormalized>
<expectedVolumes>0</expectedVolumes>
<fwdEngineeringStrategyName>Single Table</fwdEngineeringStrategyName>
<growthPercent>0</growthPercent>
<growthType>Year</growthType>
<maxVolumes>9999999</maxVolumes>
<minVolumes>0</minVolumes>
<normalForm>Third</normalForm>
<attributes itemClass="oracle.dbtools.crest.model.design.logical.Attribute">
<Attribute name="nit" id="E8936624-7D52-BA60-FB2C-E9057FF8C94C">
<createdBy>Laura</createdBy>
<createdTime>2025-02-10 20:50:58 UTC</createdTime>
<ownerDesignName>Modelo ER SISTRANS FINAL</ownerDesignName>
<engineerTo>
<item key="CC09BE87-B96D-3360-087F-5C00C2C690D4" value="true"/>
</engineerTo>
<useDomainConstraints>false</useDomainConstraints>
<use>1</use>
<logicalDatatype>LOGDT024</logicalDatatype>
<ownDataTypeParameters>,,</ownDataTypeParameters>
</Attribute>
<Attribute name="nombre" id="7D00CE6F-B4F8-9B3E-E569-EC93A381C4BF">
<createdBy>Laura</createdBy>
<createdTime>2025-02-10 20:53:27 UTC</createdTime>
<ownerDesignName>Modelo ER SISTRANS FINAL</ownerDesignName>
<engineerTo>
<item key="CC09BE87-B96D-3360-087F-5C00C2C690D4" value="true"/>
</engineerTo>
<nullsAllowed>true</nullsAllowed>
<useDomainConstraints>false</useDomainConstraints>
<use>1</use>
<logicalDatatype>LOGDT024</logicalDatatype>
<ownDataTypeParameters>,,</ownDataTypeParameters>
</Attribute>
<Attribute name="direccion" id="AF3596C0-0FAB-9098-22D5-A044DDE0BCB7">
<createdBy>Laura</createdBy>
<createdTime>2025-02-10 20:54:55 UTC</createdTime>
<ownerDesignName>Modelo ER SISTRANS FINAL</ownerDesignName>
<engineerTo>
<item key="CC09BE87-B96D-3360-087F-5C00C2C690D4" value="true"/>
</engineerTo>
<nullsAllowed>true</nullsAllowed>
<useDomainConstraints>false</useDomainConstraints>
<use>1</use>
<logicalDatatype>LOGDT024</logicalDatatype>
<ownDataTypeParameters>,,</ownDataTypeParameters>
</Attribute>
<Attribute name="telefono" id="BB150CFB-297A-BAE8-0969-513BD5405B9B">
<createdBy>Laura</createdBy>
<createdTime>2025-02-10 20:56:08 UTC</createdTime>
<ownerDesignName>Modelo ER SISTRANS FINAL</ownerDesignName>
<engineerTo>
<item key="CC09BE87-B96D-3360-087F-5C00C2C690D4" value="true"/>
</engineerTo>
<nullsAllowed>true</nullsAllowed>
<useDomainConstraints>false</useDomainConstraints>
<use>1</use>
<logicalDatatype>LOGDT024</logicalDatatype>
<ownDataTypeParameters>,,</ownDataTypeParameters>
</Attribute>
</attributes>
<identifiers itemClass="oracle.dbtools.crest.model.design.logical.CandidateKey">
<identifier id="E537DC5B-8C89-803E-D71B-2A5AF9267787" name="IPS PK">
<createdBy>Laura</createdBy>
<createdTime>2025-02-10 20:53:24 UTC</createdTime>
<ownerDesignName>Modelo ER SISTRANS FINAL</ownerDesignName>
<engineerTo>
<item key="CC09BE87-B96D-3360-087F-5C00C2C690D4" value="true"/>
</engineerTo>
<pk>true</pk>
<usedAttributes>
<attributeRef>E8936624-7D52-BA60-FB2C-E9057FF8C94C</attributeRef>
</usedAttributes>
</identifier>
</identifiers>
</Entity>