<?xml version = '1.0' encoding = 'UTF-8'?>
<Entity class="oracle.dbtools.crest.model.design.logical.Entity" directorySegmentName="seg_0" id="6EE07544-B152-100F-3C3B-AFB2C1D8EA22" name="Ordenes">
<createdBy>Laura</createdBy>
<createdTime>2025-02-10 21:22:54 UTC</createdTime>
<ownerDesignName>Modelo ER SISTRANS FINAL</ownerDesignName>
<engineerTo>
<item key="CC09BE87-B96D-3360-087F-5C00C2C690D4" value="true"/>
</engineerTo>
<adequatelyNormalized>NO</adequatelyNormalized>
<expectedVolumes>0</expectedVolumes>
<fwdEngineeringStrategyName>Single Table</fwdEngineeringStrategyName>
<growthPercent>0</growthPercent>
<growthType>Year</growthType>
<maxVolumes>9999999</maxVolumes>
<minVolumes>0</minVolumes>
<normalForm>Third</normalForm>
<attributes itemClass="oracle.dbtools.crest.model.design.logical.Attribute">
<Attribute name="numero" id="7DA677F0-7740-F14A-B5BF-BB47E06861E3">
<createdBy>Laura</createdBy>
<createdTime>2025-02-10 21:24:31 UTC</createdTime>
<ownerDesignName>Modelo ER SISTRANS FINAL</ownerDesignName>
<engineerTo>
<item key="CC09BE87-B96D-3360-087F-5C00C2C690D4" value="true"/>
</engineerTo>
<useDomainConstraints>false</useDomainConstraints>
<use>1</use>
<logicalDatatype>LOGDT024</logicalDatatype>
<ownDataTypeParameters>,,</ownDataTypeParameters>
</Attribute>
<Attribute name="estado" id="A03D0943-36A4-1D0A-EC07-B910C346C3B3">
<createdBy>Laura</createdBy>
<createdTime>2025-02-10 21:23:40 UTC</createdTime>
<ownerDesignName>Modelo ER SISTRANS FINAL</ownerDesignName>
<engineerTo>
<item key="CC09BE87-B96D-3360-087F-5C00C2C690D4" value="true"/>
</engineerTo>
<nullsAllowed>true</nullsAllowed>
<useDomainConstraints>false</useDomainConstraints>
<use>1</use>
<logicalDatatype>LOGDT024</logicalDatatype>
<listOfValues>
<valueDef value="CANCELADA" description=""/>
<valueDef value="COMPLETADA" description=""/>
<valueDef value="VIGENTE" description=""/>
</listOfValues>
<ownDataTypeParameters>,,</ownDataTypeParameters>
</Attribute>
<Attribute name="fecha" id="12DC9E81-F507-44E2-4255-C1D1056DA65D">
<createdBy>Laura</createdBy>
<createdTime>2025-02-10 21:23:59 UTC</createdTime>
<ownerDesignName>Modelo ER SISTRANS FINAL</ownerDesignName>
<engineerTo>
<item key="CC09BE87-B96D-3360-087F-5C00C2C690D4" value="true"/>
</engineerTo>
<nullsAllowed>true</nullsAllowed>
<useDomainConstraints>false</useDomainConstraints>
<use>1</use>
<logicalDatatype>LOGDT007</logicalDatatype>
<ownDataTypeParameters>,,</ownDataTypeParameters>
</Attribute>
<Attribute name="descripcion" id="109DBE7B-161F-E4C7-E42E-5F8DEAF6005A">
<createdBy>Laura</createdBy>
<createdTime>2025-02-10 21:24:10 UTC</createdTime>
<ownerDesignName>Modelo ER SISTRANS FINAL</ownerDesignName>
<engineerTo>
<item key="CC09BE87-B96D-3360-087F-5C00C2C690D4" value="true"/>
</engineerTo>
<nullsAllowed>true</nullsAllowed>
<useDomainConstraints>false</useDomainConstraints>
<use>1</use>
<logicalDatatype>LOGDT024</logicalDatatype>
<ownDataTypeParameters>,,</ownDataTypeParameters>
</Attribute>
<Attribute name="registro_medico" id="D72F066E-AC42-FD96-079E-71A49319B17B">
<createdBy>Laura</createdBy>
<createdTime>2025-02-12 18:55:41 UTC</createdTime>
<generatorID>DE9FE6CA-099B-5C65-C1F6-F1F30DE64FBB</generatorID>
<ownerDesignName>Modelo ER SISTRANS FINAL</ownerDesignName>
<engineerTo>
<item key="CC09BE87-B96D-3360-087F-5C00C2C690D4" value="true"/>
</engineerTo>
<nullsAllowed>true</nullsAllowed>
<referedAttribute>5C5C339F-3A7F-CBFE-C245-7D51B83FFB5D</referedAttribute>
<useDomainConstraints>false</useDomainConstraints>
<use>1</use>
<logicalDatatype>LOGDT024</logicalDatatype>
<ownDataTypeParameters>,,</ownDataTypeParameters>
</Attribute>
<Attribute name="identificacion" id="C72A2EB8-61F9-724A-0DEC-24DF469D3FE0">
<createdBy>Laura</createdBy>
<createdTime>2025-02-12 19:21:43 UTC</createdTime>
<generatorID>C83FF73E-7E52-A1E0-0407-BC1040D47433</generatorID>
<ownerDesignName>Modelo ER SISTRANS FINAL</ownerDesignName>
<engineerTo>
<item key="CC09BE87-B96D-3360-087F-5C00C2C690D4" value="true"/>
</engineerTo>
<nullsAllowed>true</nullsAllowed>
<referedAttribute>C004F352-60F5-8A1A-445D-2C1A95BA1D7A</referedAttribute>
<useDomainConstraints>false</useDomainConstraints>
<use>1</use>
<logicalDatatype>LOGDT024</logicalDatatype>
<ownDataTypeParameters>,,</ownDataTypeParameters>
</Attribute>
</attributes>
<identifiers itemClass="oracle.dbtools.crest.model.design.logical.CandidateKey">
<identifier id="D601B6C8-7B5A-0DCD-BB55-4873E6F6E99B" name="OrdenesServicio PK">
<createdBy>Laura</createdBy>
<createdTime>2025-02-10 21:24:42 UTC</createdTime>
<ownerDesignName>Modelo ER SISTRANS FINAL</ownerDesignName>
<engineerTo>
<item key="CC09BE87-B96D-3360-087F-5C00C2C690D4" value="true"/>
</engineerTo>
<pk>true</pk>
<usedAttributes>
<attributeRef>7DA677F0-7740-F14A-B5BF-BB47E06861E3</attributeRef>
</usedAttributes>
</identifier>
</identifiers>
</Entity>