<?xml version = '1.0' encoding = 'UTF-8'?>
<Entity class="oracle.dbtools.crest.model.design.logical.Entity" directorySegmentName="seg_0" id="F4945CFF-B699-44E0-E458-84B95BEF94CE" name="Servicios">
<createdBy>Laura</createdBy>
<createdTime>2025-02-12 18:40:02 UTC</createdTime>
<ownerDesignName>Modelo ER SISTRANS FINAL</ownerDesignName>
<engineerTo>
<item key="CC09BE87-B96D-3360-087F-5C00C2C690D4" value="true"/>
</engineerTo>
<adequatelyNormalized>NO</adequatelyNormalized>
<expectedVolumes>0</expectedVolumes>
<fwdEngineeringStrategyName>Single Table</fwdEngineeringStrategyName>
<growthPercent>0</growthPercent>
<growthType>Year</growthType>
<maxVolumes>9999999</maxVolumes>
<minVolumes>0</minVolumes>
<normalForm>Third</normalForm>
<attributes itemClass="oracle.dbtools.crest.model.design.logical.Attribute">
<Attribute name="id" id="53D81656-1DED-2592-467B-8807A660B2EF">
<createdBy>Laura</createdBy>
<createdTime>2025-02-12 18:40:08 UTC</createdTime>
<ownerDesignName>Modelo ER SISTRANS FINAL</ownerDesignName>
<engineerTo>
<item key="CC09BE87-B96D-3360-087F-5C00C2C690D4" value="true"/>
</engineerTo>
<useDomainConstraints>false</useDomainConstraints>
<use>1</use>
<logicalDatatype>LOGDT024</logicalDatatype>
<ownDataTypeParameters>,,</ownDataTypeParameters>
</Attribute>
<Attribute name="tipo_servicio" id="46A35E09-5982-D057-D44D-40C596412478">
<createdBy>Laura</createdBy>
<createdTime>2025-02-12 18:40:26 UTC</createdTime>
<ownerDesignName>Modelo ER SISTRANS FINAL</ownerDesignName>
<engineerTo>
<item key="CC09BE87-B96D-3360-087F-5C00C2C690D4" value="true"/>
</engineerTo>
<nullsAllowed>true</nullsAllowed>
<useDomainConstraints>false</useDomainConstraints>
<use>1</use>
<logicalDatatype>LOGDT024</logicalDatatype>
<listOfValues>
<valueDef value="CONTROL" description=""/>
<valueDef value="ESPECIALISTA" description=""/>
<valueDef value="EXAMEN" description=""/>
<valueDef value="GENERAL" description=""/>
<valueDef value="HOSPITALIZACION" description=""/>
<valueDef value="PROCEDIMIENTO_ESPECIALIZADO" description=""/>
<valueDef value="TERAPIA" description=""/>
<valueDef value="URGENCIAS" description=""/>
</listOfValues>
<ownDataTypeParameters>,,</ownDataTypeParameters>
</Attribute>
<Attribute name="nombre" id="FFC5C52F-CBAF-11CD-DF78-52C8531C8D66">
<createdBy>Laura</createdBy>
<createdTime>2025-02-12 19:41:21 UTC</createdTime>
<ownerDesignName>Modelo ER SISTRANS FINAL</ownerDesignName>
<engineerTo>
<item key="CC09BE87-B96D-3360-087F-5C00C2C690D4" value="true"/>
</engineerTo>
<nullsAllowed>true</nullsAllowed>
<useDomainConstraints>false</useDomainConstraints>
<use>1</use>
<logicalDatatype>LOGDT024</logicalDatatype>
<ownDataTypeParameters>,,</ownDataTypeParameters>
</Attribute>
</attributes>
<identifiers itemClass="oracle.dbtools.crest.model.design.logical.CandidateKey">
<identifier id="960C1E7D-E8FD-5CBC-DCEE-02F985A93233" name="Servicios PK">
<createdBy>Laura</createdBy>
<createdTime>2025-02-12 18:40:25 UTC</createdTime>
<ownerDesignName>Modelo ER SISTRANS FINAL</ownerDesignName>
<engineerTo>
<item key="CC09BE87-B96D-3360-087F-5C00C2C690D4" value="true"/>
</engineerTo>
<pk>true</pk>
<usedAttributes>
<attributeRef>53D81656-1DED-2592-467B-8807A660B2EF</attributeRef>
</usedAttributes>
</identifier>
</identifiers>
</Entity>