<?xml version = '1.0' encoding = 'UTF-8'?>
<Entity class="oracle.dbtools.crest.model.design.logical.Entity" directorySegmentName="seg_0" id="F691ADB2-2125-C849-DCBF-755303FA4C38" name="Agendas">
<createdBy>Laura</createdBy>
<createdTime>2025-02-10 21:24:54 UTC</createdTime>
<ownerDesignName>Modelo ER SISTRANS FINAL</ownerDesignName>
<engineerTo>
<item key="CC09BE87-B96D-3360-087F-5C00C2C690D4" value="true"/>
</engineerTo>
<adequatelyNormalized>NO</adequatelyNormalized>
<expectedVolumes>0</expectedVolumes>
<fwdEngineeringStrategyName>Single Table</fwdEngineeringStrategyName>
<growthPercent>0</growthPercent>
<growthType>Year</growthType>
<maxVolumes>9999999</maxVolumes>
<minVolumes>0</minVolumes>
<normalForm>Third</normalForm>
<attributes itemClass="oracle.dbtools.crest.model.design.logical.Attribute">
<Attribute name="id" id="C0A728AD-A988-6FE3-14EA-BC1FBF4358A8">
<createdBy>Laura</createdBy>
<createdTime>2025-02-12 19:27:22 UTC</createdTime>
<ownerDesignName>Modelo ER SISTRANS FINAL</ownerDesignName>
<engineerTo>
<item key="CC09BE87-B96D-3360-087F-5C00C2C690D4" value="true"/>
</engineerTo>
<useDomainConstraints>false</useDomainConstraints>
<use>1</use>
<logicalDatatype>LOGDT024</logicalDatatype>
<ownDataTypeParameters>,,</ownDataTypeParameters>
</Attribute>
<Attribute name="fecha" id="B3AB118F-5619-8D2F-7716-39E54BFF7D6B">
<createdBy>Laura</createdBy>
<createdTime>2025-02-13 22:12:45 UTC</createdTime>
<ownerDesignName>Modelo ER SISTRANS FINAL</ownerDesignName>
<engineerTo>
<item key="CC09BE87-B96D-3360-087F-5C00C2C690D4" value="true"/>
</engineerTo>
<nullsAllowed>true</nullsAllowed>
<useDomainConstraints>false</useDomainConstraints>
<use>1</use>
<logicalDatatype>LOGDT008</logicalDatatype>
<ownDataTypeParameters>,,</ownDataTypeParameters>
</Attribute>
<Attribute name="duracion" id="3CD807D0-26E4-3C83-824F-A7A605F24EDF">
<createdBy>Laura</createdBy>
<createdTime>2025-02-16 22:26:41 UTC</createdTime>
<ownerDesignName>Modelo ER SISTRANS FINAL</ownerDesignName>
<engineerTo>
<item key="CC09BE87-B96D-3360-087F-5C00C2C690D4" value="true"/>
</engineerTo>
<nullsAllowed>true</nullsAllowed>
<useDomainConstraints>false</useDomainConstraints>
<use>1</use>
<logicalDatatype>LOGDT019</logicalDatatype>
<ownDataTypeParameters>,,</ownDataTypeParameters>
</Attribute>
<Attribute name="estado" id="4C6C660C-10A4-06CA-8AC1-10065025B2D0">
<createdBy>Laura</createdBy>
<createdTime>2025-02-12 19:28:19 UTC</createdTime>
<ownerDesignName>Modelo ER SISTRANS FINAL</ownerDesignName>
<engineerTo>
<item key="CC09BE87-B96D-3360-087F-5C00C2C690D4" value="true"/>
</engineerTo>
<nullsAllowed>true</nullsAllowed>
<useDomainConstraints>false</useDomainConstraints>
<use>1</use>
<logicalDatatype>LOGDT024</logicalDatatype>
<listOfValues>
<valueDef value="AUSENCIA" description=""/>
<valueDef value="CANCELADA" description=""/>
<valueDef value="SIN_AGENDAR" description=""/>
<valueDef value="TERMINADA" description=""/>
</listOfValues>
<ownDataTypeParameters>,,</ownDataTypeParameters>
</Attribute>
<Attribute name="registro_medico" id="E0020999-82C6-347E-AFAA-DCFCA421E9B5">
<createdBy>Laura</createdBy>
<createdTime>2025-02-12 19:58:28 UTC</createdTime>
<generatorID>7DF4D298-18DE-38AA-78EB-D52D972CB5B5</generatorID>
<ownerDesignName>Modelo ER SISTRANS FINAL</ownerDesignName>
<engineerTo>
<item key="CC09BE87-B96D-3360-087F-5C00C2C690D4" value="true"/>
</engineerTo>
<nullsAllowed>true</nullsAllowed>
<referedAttribute>5C5C339F-3A7F-CBFE-C245-7D51B83FFB5D</referedAttribute>
<useDomainConstraints>false</useDomainConstraints>
<use>1</use>
<logicalDatatype>LOGDT024</logicalDatatype>
<ownDataTypeParameters>,,</ownDataTypeParameters>
</Attribute>
<Attribute name="id1" id="1AF3BFC9-7018-4812-7FBD-BB4719CE4312">
<createdBy>Laura</createdBy>
<createdTime>2025-02-12 20:07:35 UTC</createdTime>
<generatorID>33E15160-C59D-C1E3-7367-C688E0FDB25F</generatorID>
<ownerDesignName>Modelo ER SISTRANS FINAL</ownerDesignName>
<engineerTo>
<item key="CC09BE87-B96D-3360-087F-5C00C2C690D4" value="true"/>
</engineerTo>
<nullsAllowed>true</nullsAllowed>
<referedAttribute>53D81656-1DED-2592-467B-8807A660B2EF</referedAttribute>
<useDomainConstraints>false</useDomainConstraints>
<use>1</use>
<logicalDatatype>LOGDT024</logicalDatatype>
<ownDataTypeParameters>,,</ownDataTypeParameters>
</Attribute>
<Attribute name="id2" id="FFC511F2-18E2-2E88-918B-AAC1E3393C30">
<createdBy>Laura</createdBy>
<createdTime>2025-02-13 22:17:34 UTC</createdTime>
<generatorID>1E6A14B1-69C2-50D0-B729-A02295460218</generatorID>
<ownerDesignName>Modelo ER SISTRANS FINAL</ownerDesignName>
<engineerTo>
<item key="CC09BE87-B96D-3360-087F-5C00C2C690D4" value="true"/>
</engineerTo>
<referedAttribute>C0A728AD-A988-6FE3-14EA-BC1FBF4358A8</referedAttribute>
<useDomainConstraints>false</useDomainConstraints>
<use>1</use>
<logicalDatatype>LOGDT024</logicalDatatype>
<ownDataTypeParameters>,,</ownDataTypeParameters>
</Attribute>
<Attribute name="numero" id="B00AB0A0-A194-16C1-B5E2-9695D7A0B353">
<createdBy>Laura</createdBy>
<createdTime>2025-02-16 22:09:44 UTC</createdTime>
<generatorID>1E6A14B1-69C2-50D0-B729-A02295460218</generatorID>
<ownerDesignName>Modelo ER SISTRANS FINAL</ownerDesignName>
<engineerTo>
<item key="CC09BE87-B96D-3360-087F-5C00C2C690D4" value="true"/>
</engineerTo>
<referedAttribute>7DA677F0-7740-F14A-B5BF-BB47E06861E3</referedAttribute>
<useDomainConstraints>false</useDomainConstraints>
<use>1</use>
<logicalDatatype>LOGDT024</logicalDatatype>
<ownDataTypeParameters>,,</ownDataTypeParameters>
</Attribute>
<Attribute name="identificacion" id="D100F839-8EE9-ED8A-3D08-F28A479F01D4">
<createdBy>Laura</createdBy>
<createdTime>2025-02-16 23:08:46 UTC</createdTime>
<generatorID>9CAEBFD7-78DA-2213-4B95-2B34962F1EEE</generatorID>
<ownerDesignName>Modelo ER SISTRANS FINAL</ownerDesignName>
<engineerTo>
<item key="CC09BE87-B96D-3360-087F-5C00C2C690D4" value="true"/>
</engineerTo>
<nullsAllowed>true</nullsAllowed>
<referedAttribute>C004F352-60F5-8A1A-445D-2C1A95BA1D7A</referedAttribute>
<useDomainConstraints>false</useDomainConstraints>
<use>1</use>
<logicalDatatype>LOGDT024</logicalDatatype>
<ownDataTypeParameters>,,</ownDataTypeParameters>
</Attribute>
</attributes>
<identifiers itemClass="oracle.dbtools.crest.model.design.logical.CandidateKey">
<identifier id="9A2246C9-56F1-071A-9F4D-7EF9C9426B9E" name="Medicamentos PK">
<createdBy>Laura</createdBy>
<createdTime>2025-02-10 21:25:32 UTC</createdTime>
<ownerDesignName>Modelo ER SISTRANS FINAL</ownerDesignName>
<engineerTo>
<item key="CC09BE87-B96D-3360-087F-5C00C2C690D4" value="true"/>
</engineerTo>
<pk>true</pk>
<usedAttributes>
<attributeRef>C0A728AD-A988-6FE3-14EA-BC1FBF4358A8</attributeRef>
</usedAttributes>
</identifier>
</identifiers>
</Entity>