<?xml version = '1.0' encoding = 'UTF-8'?>
<Relation class="oracle.dbtools.crest.model.design.logical.Relation" name="Relation_3" directorySegmentName="seg_0" id="1A760FD0-B5E3-877E-6F4E-E81DF99E74CD">
<createdBy>Laura</createdBy>
<createdTime>2025-02-12 18:53:10 UTC</createdTime>
<ownerDesignName>Modelo ER SISTRANS FINAL</ownerDesignName>
<engineerTo>
<item key="CC09BE87-B96D-3360-087F-5C00C2C690D4" value="true"/>
</engineerTo>
<identifying>false</identifying>
<optionalSource>false</optionalSource>
<optionalTarget>false</optionalTarget>
<sourceCardinality>*</sourceCardinality>
<sourceEntity>7E055998-31BA-CCCD-3986-486A8AED22E9</sourceEntity>
<targetCardinalityString>*</targetCardinalityString>
<targetEntity>F4945CFF-B699-44E0-E458-84B95BEF94CE</targetEntity>
<transferable>true</transferable>
<deleteRule>NO ACTION</deleteRule>
</Relation>