<?xml version = '1.0' encoding = 'UTF-8'?>
<Relation class="oracle.dbtools.crest.model.design.logical.Relation" name="requiere" directorySegmentName="seg_0" id="1E6A14B1-69C2-50D0-B729-A02295460218">
<createdBy>Laura</createdBy>
<createdTime>2025-02-13 22:17:34 UTC</createdTime>
<ownerDesignName>Modelo ER SISTRANS FINAL</ownerDesignName>
<engineerTo>
<item key="CC09BE87-B96D-3360-087F-5C00C2C690D4" value="true"/>
</engineerTo>
<targetPk>D601B6C8-7B5A-0DCD-BB55-4873E6F6E99B</targetPk>
<identifying>false</identifying>
<optionalSource>false</optionalSource>
<optionalTarget>true</optionalTarget>
<sourceCardinality>1</sourceCardinality>
<sourceEntity>F691ADB2-2125-C849-DCBF-755303FA4C38</sourceEntity>
<targetCardinalityString>1</targetCardinalityString>
<targetEntity>6EE07544-B152-100F-3C3B-AFB2C1D8EA22</targetEntity>
<transferable>true</transferable>
<deleteRule>NO ACTION</deleteRule>
</Relation>