<?xml version = '1.0' encoding = 'UTF-8'?>
<Relation class="oracle.dbtools.crest.model.design.logical.Relation" name="tienev4" directorySegmentName="seg_0" id="33E15160-C59D-C1E3-7367-C688E0FDB25F">
<createdBy>Laura</createdBy>
<createdTime>2025-02-12 20:06:32 UTC</createdTime>
<ownerDesignName>Modelo ER SISTRANS FINAL</ownerDesignName>
<engineerTo>
<item key="CC09BE87-B96D-3360-087F-5C00C2C690D4" value="true"/>
</engineerTo>
<sourcePk>9A2246C9-56F1-071A-9F4D-7EF9C9426B9E</sourcePk>
<targetPk>960C1E7D-E8FD-5CBC-DCEE-02F985A93233</targetPk>
<identifying>false</identifying>
<optionalSource>true</optionalSource>
<optionalTarget>false</optionalTarget>
<sourceCardinality>*</sourceCardinality>
<sourceEntity>F691ADB2-2125-C849-DCBF-755303FA4C38</sourceEntity>
<targetCardinalityString>1</targetCardinalityString>
<targetEntity>F4945CFF-B699-44E0-E458-84B95BEF94CE</targetEntity>
<transferable>true</transferable>
<deleteRule>NO ACTION</deleteRule>
</Relation>