<?xml version = '1.0' encoding = 'UTF-8'?>
<Relation class="oracle.dbtools.crest.model.design.logical.Relation" name="tienev3" directorySegmentName="seg_0" id="7DF4D298-18DE-38AA-78EB-D52D972CB5B5">
<createdBy>Laura</createdBy>
<createdTime>2025-02-12 19:56:55 UTC</createdTime>
<ownerDesignName>Modelo ER SISTRANS FINAL</ownerDesignName>
<engineerTo>
<item key="CC09BE87-B96D-3360-087F-5C00C2C690D4" value="true"/>
</engineerTo>
<sourcePk>9A2246C9-56F1-071A-9F4D-7EF9C9426B9E</sourcePk>
<targetPk>935BC905-FBA7-F20A-8CBF-5AEF02DACE9E</targetPk>
<identifying>false</identifying>
<optionalSource>true</optionalSource>
<optionalTarget>false</optionalTarget>
<sourceCardinality>*</sourceCardinality>
<sourceEntity>F691ADB2-2125-C849-DCBF-755303FA4C38</sourceEntity>
<targetCardinalityString>1</targetCardinalityString>
<targetEntity>7E055998-31BA-CCCD-3986-486A8AED22E9</targetEntity>
<transferable>true</transferable>
<deleteRule>NO ACTION</deleteRule>
</Relation>