<?xml version = '1.0' encoding = 'UTF-8'?>
<Relation class="oracle.dbtools.crest.model.design.logical.Relation" name="tienev2" directorySegmentName="seg_0" id="9CAEBFD7-78DA-2213-4B95-2B34962F1EEE">
<createdBy>Laura</createdBy>
<createdTime>2025-02-12 19:39:02 UTC</createdTime>
<ownerDesignName>Modelo ER SISTRANS FINAL</ownerDesignName>
<engineerTo>
<item key="CC09BE87-B96D-3360-087F-5C00C2C690D4" value="true"/>
</engineerTo>
<sourcePk>64B6E792-7BAD-AAC2-B4C6-009D472ADA7E</sourcePk>
<targetPk>9A2246C9-56F1-071A-9F4D-7EF9C9426B9E</targetPk>
<identifying>false</identifying>
<optionalSource>true</optionalSource>
<optionalTarget>true</optionalTarget>
<sourceCardinality>1</sourceCardinality>
<sourceEntity>5CA857B6-C6D9-B752-1401-0172D762D1CD</sourceEntity>
<targetCardinalityString>*</targetCardinalityString>
<targetEntity>F691ADB2-2125-C849-DCBF-755303FA4C38</targetEntity>
<transferable>true</transferable>
<deleteRule>NO ACTION</deleteRule>
</Relation>