<?xml version = '1.0' encoding = 'UTF-8'?>
<Relation class="oracle.dbtools.crest.model.design.logical.Relation" name="Relation_7" directorySegmentName="seg_0" id="C5CCF9CA-8C9C-1D96-1EE6-F17070279E60">
<createdBy>Laura</createdBy>
<createdTime>2025-02-12 19:23:23 UTC</createdTime>
<ownerDesignName>Modelo ER SISTRANS FINAL</ownerDesignName>
<engineerTo>
<item key="CC09BE87-B96D-3360-087F-5C00C2C690D4" value="true"/>
</engineerTo>
<targetPk>64B6E792-7BAD-AAC2-B4C6-009D472ADA7E</targetPk>
<identifying>false</identifying>
<nameOnSource>contribuyente</nameOnSource>
<nameOnTarget>beneficiarios</nameOnTarget>
<optionalSource>true</optionalSource>
<optionalTarget>true</optionalTarget>
<sourceCardinality>*</sourceCardinality>
<sourceEntity>5CA857B6-C6D9-B752-1401-0172D762D1CD</sourceEntity>
<targetCardinalityString>1</targetCardinalityString>
<targetEntity>5CA857B6-C6D9-B752-1401-0172D762D1CD</targetEntity>
<transferable>true</transferable>
<deleteRule>NO ACTION</deleteRule>
<attributes itemClass="oracle.dbtools.crest.model.design.logical.Attribute">
<attribute name="Parentescos" id="5CA8BB69-95AB-30E6-E749-7EAAD404540C">
<createdBy>Laura</createdBy>
<createdTime>2025-02-12 19:24:20 UTC</createdTime>
<ownerDesignName>Modelo ER SISTRANS FINAL</ownerDesignName>
<engineerTo>
<item key="CC09BE87-B96D-3360-087F-5C00C2C690D4" value="true"/>
</engineerTo>
<nullsAllowed>true</nullsAllowed>
<use>0</use>
<ownDataTypeParameters>,,</ownDataTypeParameters>
</attribute>
</attributes>
</Relation>