<?xml version = '1.0' encoding = 'UTF-8'?>
<Relation class="oracle.dbtools.crest.model.design.logical.Relation" name="tienev1" directorySegmentName="seg_0" id="C83FF73E-7E52-A1E0-0407-BC1040D47433">
<createdBy>Laura</createdBy>
<createdTime>2025-02-12 19:11:14 UTC</createdTime>
<ownerDesignName>Modelo ER SISTRANS FINAL</ownerDesignName>
<engineerTo>
<item key="CC09BE87-B96D-3360-087F-5C00C2C690D4" value="true"/>
</engineerTo>
<sourcePk>64B6E792-7BAD-AAC2-B4C6-009D472ADA7E</sourcePk>
<identifying>false</identifying>
<optionalSource>false</optionalSource>
<optionalTarget>true</optionalTarget>
<sourceCardinality>1</sourceCardinality>
<sourceEntity>5CA857B6-C6D9-B752-1401-0172D762D1CD</sourceEntity>
<targetCardinalityString>*</targetCardinalityString>
<targetEntity>6EE07544-B152-100F-3C3B-AFB2C1D8EA22</targetEntity>
<transferable>true</transferable>
<deleteRule>NO ACTION</deleteRule>
</Relation>