<?xml version = '1.0' encoding = 'UTF-8'?>
<Relation class="oracle.dbtools.crest.model.design.logical.Relation" name="presta" directorySegmentName="seg_0" id="CC1C0BDF-0370-9C50-523D-D966FDBE8221">
<createdBy>Laura</createdBy>
<createdTime>2025-02-12 18:52:20 UTC</createdTime>
<ownerDesignName>Modelo ER SISTRANS FINAL</ownerDesignName>
<engineerTo>
<item key="CC09BE87-B96D-3360-087F-5C00C2C690D4" value="true"/>
</engineerTo>
<identifying>false</identifying>
<optionalSource>false</optionalSource>
<optionalTarget>false</optionalTarget>
<sourceCardinality>*</sourceCardinality>
<sourceEntity>4B512486-FEEC-43A3-9D7D-A8637048622B</sourceEntity>
<targetCardinalityString>*</targetCardinalityString>
<targetEntity>F4945CFF-B699-44E0-E458-84B95BEF94CE</targetEntity>
<transferable>true</transferable>
<deleteRule>NO ACTION</deleteRule>
</Relation>