<?xml version = '1.0' encoding = 'UTF-8'?>
<Relation class="oracle.dbtools.crest.model.design.logical.Relation" name="prescribe" directorySegmentName="seg_0" id="DE9FE6CA-099B-5C65-C1F6-F1F30DE64FBB">
<createdBy>Laura</createdBy>
<createdTime>2025-02-12 18:54:36 UTC</createdTime>
<ownerDesignName>Modelo ER SISTRANS FINAL</ownerDesignName>
<engineerTo>
<item key="CC09BE87-B96D-3360-087F-5C00C2C690D4" value="true"/>
</engineerTo>
<sourcePk>935BC905-FBA7-F20A-8CBF-5AEF02DACE9E</sourcePk>
<identifying>false</identifying>
<optionalSource>false</optionalSource>
<optionalTarget>true</optionalTarget>
<sourceCardinality>1</sourceCardinality>
<sourceEntity>7E055998-31BA-CCCD-3986-486A8AED22E9</sourceEntity>
<targetCardinalityString>*</targetCardinalityString>
<targetEntity>6EE07544-B152-100F-3C3B-AFB2C1D8EA22</targetEntity>
<transferable>true</transferable>
<deleteRule>NO ACTION</deleteRule>
</Relation>