<?xml version = '1.0' encoding = 'UTF-8'?>
<Relation class="oracle.dbtools.crest.model.design.logical.Relation" name="medicosContra" directorySegmentName="seg_0" id="F0EB2329-3CBD-8F31-213F-CBB7AD63820C">
<createdBy>Laura</createdBy>
<createdTime>2025-02-12 18:48:21 UTC</createdTime>
<ownerDesignName>Modelo ER SISTRANS FINAL</ownerDesignName>
<engineerTo>
<item key="CC09BE87-B96D-3360-087F-5C00C2C690D4" value="true"/>
</engineerTo>
<identifying>false</identifying>
<optionalSource>false</optionalSource>
<optionalTarget>false</optionalTarget>
<sourceCardinality>*</sourceCardinality>
<sourceEntity>4B512486-FEEC-43A3-9D7D-A8637048622B</sourceEntity>
<targetCardinalityString>*</targetCardinalityString>
<targetEntity>7E055998-31BA-CCCD-3986-486A8AED22E9</targetEntity>
<transferable>true</transferable>
<deleteRule>NO ACTION</deleteRule>
</Relation>