<?xml version = '1.0' encoding = 'UTF-8'?>
<Relation class="oracle.dbtools.crest.model.design.logical.Relation" name="tiene" directorySegmentName="seg_0" id="F19973DA-370E-F316-9DEF-127689141884">
<createdBy>Laura</createdBy>
<createdTime>2025-02-12 18:56:40 UTC</createdTime>
<ownerDesignName>Modelo ER SISTRANS FINAL</ownerDesignName>
<engineerTo>
<item key="CC09BE87-B96D-3360-087F-5C00C2C690D4" value="true"/>
</engineerTo>
<identifying>false</identifying>
<optionalSource>true</optionalSource>
<optionalTarget>true</optionalTarget>
<sourceCardinality>*</sourceCardinality>
<sourceEntity>6EE07544-B152-100F-3C3B-AFB2C1D8EA22</sourceEntity>
<targetCardinalityString>*</targetCardinalityString>
<targetEntity>F4945CFF-B699-44E0-E458-84B95BEF94CE</targetEntity>
<transferable>true</transferable>
<deleteRule>NO ACTION</deleteRule>
</Relation>