<?xml version = '1.0' encoding = 'UTF-8'?>
<Diagram class="oracle.dbtools.crest.swingui.logical.DPVLogical" name="Logical" id="FF4F20BD-B9A0-40DD-E312-4F61877CA403">
<createdBy>Laura</createdBy>
<modifiedBy>Laura</modifiedBy>
<createdTime>2025-02-10 20:50:19 UTC</createdTime>
<autoRoute>false</autoRoute>
<boxInbox>true</boxInbox>
<showLegend>false</showLegend>
<showLabels>false</showLabels>
<showRelAttributes>true</showRelAttributes>
<gridEnabled>false</gridEnabled>
<showGrid>false</showGrid>
<diagramColor>-1</diagramColor>
<display>false</display>
<notation>1</notation>
<objectViews>
<OView class="oracle.dbtools.crest.swingui.logical.TVEntity" oid="4B512486-FEEC-43A3-9D7D-A8637048622B" otype="Entity" vid="2D30B1FF-BF09-4EC1-0478-464A7A1BBABB">
<hideElementsInCurrentOnly>false</hideElementsInCurrentOnly>
<bounds x="50" y="115" width="170" height="110"/>
</OView>
<OView class="oracle.dbtools.crest.swingui.logical.TVEntity" oid="5CA857B6-C6D9-B752-1401-0172D762D1CD" otype="Entity" vid="22948D22-7D4E-61A5-A393-EDACF05BD903">
<hideElementsInCurrentOnly>false</hideElementsInCurrentOnly>
<bounds x="547" y="97" width="170" height="110"/>
</OView>
<OView class="oracle.dbtools.crest.swingui.logical.TVEntity" oid="6EE07544-B152-100F-3C3B-AFB2C1D8EA22" otype="Entity" vid="57A3A52C-67FA-862C-652C-EFDBBFDBE366">
<hideElementsInCurrentOnly>false</hideElementsInCurrentOnly>
<bounds x="304" y="267" width="172" height="110"/>
</OView>
<OView class="oracle.dbtools.crest.swingui.logical.TVEntity" oid="7E055998-31BA-CCCD-3986-486A8AED22E9" otype="Entity" vid="F72C0F4E-C6A0-2577-2104-66090B0500F8">
<hideElementsInCurrentOnly>false</hideElementsInCurrentOnly>
<bounds x="60" y="327" width="170" height="110"/>
</OView>
<OView class="oracle.dbtools.crest.swingui.logical.TVEntity" oid="F4945CFF-B699-44E0-E458-84B95BEF94CE" otype="Entity" vid="F17AE67E-547F-9EC5-BC2D-6445110593BD">
<hideElementsInCurrentOnly>false</hideElementsInCurrentOnly>
<bounds x="314" y="103" width="170" height="110"/>
</OView>
<OView class="oracle.dbtools.crest.swingui.logical.TVEntity" oid="F691ADB2-2125-C849-DCBF-755303FA4C38" otype="Entity" vid="FD11090D-C1CD-D475-A9A2-C9B85025C350">
<hideElementsInCurrentOnly>false</hideElementsInCurrentOnly>
<bounds x="554" y="328" width="106" height="110"/>
</OView>
</objectViews>
<connectors>
<Connector class="oracle.dbtools.crest.swingui.logical.TVRelation" oid="1A760FD0-B5E3-877E-6F4E-E81DF99E74CD" otype="Relation" vid_source="F72C0F4E-C6A0-2577-2104-66090B0500F8" vid_target="F17AE67E-547F-9EC5-BC2D-6445110593BD">
<hideElementsInCurrentOnly>false</hideElementsInCurrentOnly>
<backgroundColor>-16777216</backgroundColor>
<lineWidth>1</lineWidth>
<points>
<point x="207" y="327"/>
<point x="336" y="213"/>
</points>
</Connector>
<Connector class="oracle.dbtools.crest.swingui.logical.TVRelation" oid="1E6A14B1-69C2-50D0-B729-A02295460218" otype="Relation" vid_source="FD11090D-C1CD-D475-A9A2-C9B85025C350" vid_target="57A3A52C-67FA-862C-652C-EFDBBFDBE366">
<hideElementsInCurrentOnly>false</hideElementsInCurrentOnly>
<backgroundColor>-16777216</backgroundColor>
<lineWidth>1</lineWidth>
<points>
<point x="554" y="352"/>
<point x="476" y="352"/>
</points>
</Connector>
<Connector class="oracle.dbtools.crest.swingui.logical.TVRelation" oid="33E15160-C59D-C1E3-7367-C688E0FDB25F" otype="Relation" vid_source="FD11090D-C1CD-D475-A9A2-C9B85025C350" vid_target="F17AE67E-547F-9EC5-BC2D-6445110593BD">
<hideElementsInCurrentOnly>false</hideElementsInCurrentOnly>
<backgroundColor>-16777216</backgroundColor>
<lineWidth>1</lineWidth>
<points>
<point x="556" y="328"/>
<point x="449" y="213"/>
</points>
</Connector>
<Connector class="oracle.dbtools.crest.swingui.logical.TVRelation" oid="7DF4D298-18DE-38AA-78EB-D52D972CB5B5" otype="Relation" vid_source="FD11090D-C1CD-D475-A9A2-C9B85025C350" vid_target="F72C0F4E-C6A0-2577-2104-66090B0500F8">
<hideElementsInCurrentOnly>false</hideElementsInCurrentOnly>
<backgroundColor>-16777216</backgroundColor>
<lineWidth>1</lineWidth>
<points>
<point x="554" y="382"/>
<point x="230" y="382"/>
</points>
</Connector>
<Connector class="oracle.dbtools.crest.swingui.logical.TVRelation" oid="9CAEBFD7-78DA-2213-4B95-2B34962F1EEE" otype="Relation" vid_source="22948D22-7D4E-61A5-A393-EDACF05BD903" vid_target="FD11090D-C1CD-D475-A9A2-C9B85025C350">
<hideElementsInCurrentOnly>false</hideElementsInCurrentOnly>
<backgroundColor>-16777216</backgroundColor>
<lineWidth>1</lineWidth>
<points>
<point x="607" y="207"/>
<point x="607" y="328"/>
</points>
</Connector>
<Connector class="oracle.dbtools.crest.swingui.logical.TVRelation" oid="C5CCF9CA-8C9C-1D96-1EE6-F17070279E60" otype="Relation" vid_source="22948D22-7D4E-61A5-A393-EDACF05BD903" vid_target="22948D22-7D4E-61A5-A393-EDACF05BD903">
<hideElementsInCurrentOnly>false</hideElementsInCurrentOnly>
<backgroundColor>-16777216</backgroundColor>
<lineWidth>1</lineWidth>
<centerLabel class="oracle.dbtools.crest.model.design.Label">
<site>1</site>
<labelBounds x="23" y="71" width="76" height="30"/>
<noBackgroundColor>true</noBackgroundColor>
<noForegroundColor>true</noForegroundColor>
</centerLabel>
<points>
<point x="717" y="161"/>
<point x="742" y="161"/>
<point x="742" y="232"/>
<point x="647" y="232"/>
<point x="647" y="207"/>
</points>
</Connector>
<Connector class="oracle.dbtools.crest.swingui.logical.TVRelation" oid="C83FF73E-7E52-A1E0-0407-BC1040D47433" otype="Relation" vid_source="22948D22-7D4E-61A5-A393-EDACF05BD903" vid_target="57A3A52C-67FA-862C-652C-EFDBBFDBE366">
<hideElementsInCurrentOnly>false</hideElementsInCurrentOnly>
<backgroundColor>-16777216</backgroundColor>
<lineWidth>1</lineWidth>
<points>
<point x="553" y="207"/>
<point x="468" y="267"/>
</points>
</Connector>
<Connector class="oracle.dbtools.crest.swingui.logical.TVRelation" oid="CC1C0BDF-0370-9C50-523D-D966FDBE8221" otype="Relation" vid_source="2D30B1FF-BF09-4EC1-0478-464A7A1BBABB" vid_target="F17AE67E-547F-9EC5-BC2D-6445110593BD">
<hideElementsInCurrentOnly>false</hideElementsInCurrentOnly>
<backgroundColor>-16777216</backgroundColor>
<lineWidth>1</lineWidth>
<points>
<point x="220" y="164"/>
<point x="314" y="164"/>
</points>
</Connector>
<Connector class="oracle.dbtools.crest.swingui.logical.TVRelation" oid="DE9FE6CA-099B-5C65-C1F6-F1F30DE64FBB" otype="Relation" vid_source="F72C0F4E-C6A0-2577-2104-66090B0500F8" vid_target="57A3A52C-67FA-862C-652C-EFDBBFDBE366">
<hideElementsInCurrentOnly>false</hideElementsInCurrentOnly>
<backgroundColor>-16777216</backgroundColor>
<lineWidth>1</lineWidth>
<points>
<point x="230" y="352"/>
<point x="304" y="352"/>
</points>
</Connector>
<Connector class="oracle.dbtools.crest.swingui.logical.TVRelation" oid="F0EB2329-3CBD-8F31-213F-CBB7AD63820C" otype="Relation" vid_source="2D30B1FF-BF09-4EC1-0478-464A7A1BBABB" vid_target="F72C0F4E-C6A0-2577-2104-66090B0500F8">
<hideElementsInCurrentOnly>false</hideElementsInCurrentOnly>
<backgroundColor>-16777216</backgroundColor>
<lineWidth>1</lineWidth>
<points>
<point x="140" y="225"/>
<point x="140" y="327"/>
</points>
</Connector>
<Connector class="oracle.dbtools.crest.swingui.logical.TVRelation" oid="F19973DA-370E-F316-9DEF-127689141884" otype="Relation" vid_source="57A3A52C-67FA-862C-652C-EFDBBFDBE366" vid_target="F17AE67E-547F-9EC5-BC2D-6445110593BD">
<hideElementsInCurrentOnly>false</hideElementsInCurrentOnly>
<backgroundColor>-16777216</backgroundColor>
<lineWidth>1</lineWidth>
<points>
<point x="395" y="267"/>
<point x="395" y="213"/>
</points>
</Connector>
</connectors>
</Diagram>