<?xml version = '1.0' encoding = 'UTF-8'?>
<relationalModel class="oracle.dbtools.crest.model.design.relational.RelationalDesign" name="Relational_1" id="CC09BE87-B96D-3360-087F-5C00C2C690D4" mainViewID="26E937E2-7B5E-864B-60A1-759D0CFA7D2D">
<createdBy>Laura</createdBy>
<createdTime>2025-02-10 20:49:14 UTC</createdTime>
<ownerDesignName>PROYECTO SISTRANS MODELO ER</ownerDesignName>
<shouldBeOpen>true</shouldBeOpen>
<selectedRDBMSSite>32076570-2523-435C-2E92-BF29817DFF70</selectedRDBMSSite>
</relationalModel>